Name,Type1,Type2
bulbasaur,Grass,Poison
ivysaur,Grass,Poison
venusaur,Grass,Poison
charmander,Fire,Normal
charmeleon,Fire,Normal
charizard,Fire,Flying
squirtle,Water,Normal
wartortle,Water,Normal
blastoise,Water,Normal
caterpie,Bug,Normal
metapod,Bug,Normal
butterfree,Bug,Flying
weedle,Bug,Poison
kakuna,Bug,Poison
beedrill,Bug,Poison
pidgey,Normal,Flying
pidgeotto,Normal,Flying
pidgeot,Normal,Flying
rattata,Normal,Normal
raticate,Normal,Normal
spearow,Normal,Flying
fearow,Normal,Flying
ekans,Poison,Normal
arbok,Poison,Normal
pikachu,Electric,Normal
raichu,Electric,Normal
sandshrew,Ground,Normal
sandslash,Ground,Normal
nidoran-f,Poison,Normal
nidorina,Poison,Normal
nidoqueen,Poison,Ground
nidoran-m,Poison,Normal
nidorino,Poison,Normal
nidoking,Poison,Ground
clefairy,Fairy,Normal
clefable,Fairy,Normal
vulpix,Fire,Normal
ninetales,Fire,Normal
jigglypuff,Normal,Fairy
wigglytuff,Normal,Fairy
zubat,Poison,Flying
golbat,Poison,Flying
oddish,Grass,Poison
gloom,Grass,Poison
vileplume,Grass,Poison
paras,Bug,Grass
parasect,Bug,Grass
venonat,Bug,Poison
venomoth,Bug,Poison
diglett,Ground,Normal
dugtrio,Ground,Normal
meowth,Normal,Normal
persian,Normal,Normal
psyduck,Water,Normal
golduck,Water,Normal
mankey,Fighting,Normal
primeape,Fighting,Normal
growlithe,Fire,Normal
arcanine,Fire,Normal
poliwag,Water,Normal
poliwhirl,Water,Normal
poliwrath,Water,Fighting
abra,Psychic,Normal
kadabra,Psychic,Normal
alakazam,Psychic,Normal
machop,Fighting,Normal
machoke,Fighting,Normal
machamp,Fighting,Normal
bellsprout,Grass,Poison
weepinbell,Grass,Poison
victreebel,Grass,Poison
tentacool,Water,Poison
tentacruel,Water,Poison
geodude,Rock,Ground
graveler,Rock,Ground
golem,Rock,Ground
ponyta,Fire,Normal
rapidash,Fire,Normal
slowpoke,Water,Psychic
slowbro,Water,Psychic
magnemite,Electric,Steel
magneton,Electric,Steel
farfetchd,Normal,Flying
doduo,Normal,Flying
dodrio,Normal,Flying
seel,Water,Normal
dewgong,Water,Ice
grimer,Poison,Normal
muk,Poison,Normal
shellder,Water,Normal
cloyster,Water,Ice
gastly,Ghost,Poison
haunter,Ghost,Poison
gengar,Ghost,Poison
onix,Rock,Ground
drowzee,Psychic,Normal
hypno,Psychic,Normal
krabby,Water,Normal
kingler,Water,Normal
voltorb,Electric,Normal
electrode,Electric,Normal
exeggcute,Grass,Psychic
exeggutor,Grass,Psychic
cubone,Ground,Normal
marowak,Ground,Normal
hitmonlee,Fighting,Normal
hitmonchan,Fighting,Normal
lickitung,Normal,Normal
koffing,Poison,Normal
weezing,Poison,Normal
rhyhorn,Ground,Rock
rhydon,Ground,Rock
chansey,Normal,Normal
tangela,Grass,Normal
kangaskhan,Normal,Normal
horsea,Water,Normal
seadra,Water,Normal
goldeen,Water,Normal
seaking,Water,Normal
staryu,Water,Normal
starmie,Water,Psychic
mr-mime,Psychic,Fairy
scyther,Bug,Flying
jynx,Ice,Psychic
electabuzz,Electric,Normal
magmar,Fire,Normal
pinsir,Bug,Normal
tauros,Normal,Normal
magikarp,Water,Normal
gyarados,Water,Flying
lapras,Water,Ice
ditto,Normal,Normal
eevee,Normal,Normal
vaporeon,Water,Normal
jolteon,Electric,Normal
flareon,Fire,Normal
porygon,Normal,Normal
omanyte,Rock,Water
omastar,Rock,Water
kabuto,Rock,Water
kabutops,Rock,Water
aerodactyl,Rock,Flying
snorlax,Normal,Normal
articuno,Ice,Flying
zapdos,Electric,Flying
moltres,Fire,Flying
dratini,Dragon,Normal
dragonair,Dragon,Normal
dragonite,Dragon,Flying
mewtwo,Psychic,Normal
mew,Psychic,Normal
chikorita,Grass,Normal
bayleef,Grass,Normal
meganium,Grass,Normal
cyndaquil,Fire,Normal
quilava,Fire,Normal
typhlosion,Fire,Normal
totodile,Water,Normal
croconaw,Water,Normal
feraligatr,Water,Normal
sentret,Normal,Normal
furret,Normal,Normal
hoothoot,Normal,Flying
noctowl,Normal,Flying
ledyba,Bug,Flying
ledian,Bug,Flying
spinarak,Bug,Poison
ariados,Bug,Poison
crobat,Poison,Flying
chinchou,Water,Electric
lanturn,Water,Electric
pichu,Electric,Normal
cleffa,Fairy,Normal
igglybuff,Normal,Fairy
togepi,Fairy,Normal
togetic,Fairy,Flying
natu,Psychic,Flying
xatu,Psychic,Flying
mareep,Electric,Normal
flaaffy,Electric,Normal
ampharos,Electric,Normal
bellossom,Grass,Normal
marill,Water,Fairy
azumarill,Water,Fairy
sudowoodo,Rock,Normal
politoed,Water,Normal
hoppip,Grass,Flying
skiploom,Grass,Flying
jumpluff,Grass,Flying
aipom,Normal,Normal
sunkern,Grass,Normal
sunflora,Grass,Normal
yanma,Bug,Flying
wooper,Water,Ground
quagsire,Water,Ground
espeon,Psychic,Normal
umbreon,Dark,Normal
murkrow,Dark,Flying
slowking,Water,Psychic
misdreavus,Ghost,Normal
unown,Psychic,Normal
wobbuffet,Psychic,Normal
girafarig,Normal,Psychic
pineco,Bug,Normal
forretress,Bug,Steel
dunsparce,Normal,Normal
gligar,Ground,Flying
steelix,Steel,Ground
snubbull,Fairy,Normal
granbull,Fairy,Normal
qwilfish,Water,Poison
scizor,Bug,Steel
shuckle,Bug,Rock
heracross,Bug,Fighting
sneasel,Dark,Ice
teddiursa,Normal,Normal
ursaring,Normal,Normal
slugma,Fire,Normal
magcargo,Fire,Rock
swinub,Ice,Ground
piloswine,Ice,Ground
corsola,Water,Rock
remoraid,Water,Normal
octillery,Water,Normal
delibird,Ice,Flying
mantine,Water,Flying
skarmory,Steel,Flying
houndour,Dark,Fire
houndoom,Dark,Fire
kingdra,Water,Dragon
phanpy,Ground,Normal
donphan,Ground,Normal
porygon2,Normal,Normal
stantler,Normal,Normal
smeargle,Normal,Normal
tyrogue,Fighting,Normal
hitmontop,Fighting,Normal
smoochum,Ice,Psychic
elekid,Electric,Normal
magby,Fire,Normal
miltank,Normal,Normal
blissey,Normal,Normal
raikou,Electric,Normal
entei,Fire,Normal
suicune,Water,Normal
larvitar,Rock,Ground
pupitar,Rock,Ground
tyranitar,Rock,Dark
lugia,Psychic,Flying
ho-oh,Fire,Flying
celebi,Psychic,Grass
treecko,Grass,Normal
grovyle,Grass,Normal
sceptile,Grass,Normal
torchic,Fire,Normal
combusken,Fire,Fighting
blaziken,Fire,Fighting
mudkip,Water,Normal
marshtomp,Water,Ground
swampert,Water,Ground
poochyena,Dark,Normal
mightyena,Dark,Normal
zigzagoon,Normal,Normal
linoone,Normal,Normal
wurmple,Bug,Normal
silcoon,Bug,Normal
beautifly,Bug,Flying
cascoon,Bug,Normal
dustox,Bug,Poison
lotad,Water,Grass
lombre,Water,Grass
ludicolo,Water,Grass
seedot,Grass,Normal
nuzleaf,Grass,Dark
shiftry,Grass,Dark
taillow,Normal,Flying
swellow,Normal,Flying
wingull,Water,Flying
pelipper,Water,Flying
ralts,Psychic,Fairy
kirlia,Psychic,Fairy
gardevoir,Psychic,Fairy
surskit,Bug,Water
masquerain,Bug,Flying
shroomish,Grass,Normal
breloom,Grass,Fighting
slakoth,Normal,Normal
vigoroth,Normal,Normal
slaking,Normal,Normal
nincada,Bug,Ground
ninjask,Bug,Flying
shedinja,Bug,Ghost
whismur,Normal,Normal
loudred,Normal,Normal
exploud,Normal,Normal
makuhita,Fighting,Normal
hariyama,Fighting,Normal
azurill,Normal,Fairy
nosepass,Rock,Normal
skitty,Normal,Normal
delcatty,Normal,Normal
sableye,Dark,Ghost
mawile,Steel,Fairy
aron,Steel,Rock
lairon,Steel,Rock
aggron,Steel,Rock
meditite,Fighting,Psychic
medicham,Fighting,Psychic
electrike,Electric,Normal
manectric,Electric,Normal
plusle,Electric,Normal
minun,Electric,Normal
volbeat,Bug,Normal
illumise,Bug,Normal
roselia,Grass,Poison
gulpin,Poison,Normal
swalot,Poison,Normal
carvanha,Water,Dark
sharpedo,Water,Dark
wailmer,Water,Normal
wailord,Water,Normal
numel,Fire,Ground
camerupt,Fire,Ground
torkoal,Fire,Normal
spoink,Psychic,Normal
grumpig,Psychic,Normal
spinda,Normal,Normal
trapinch,Ground,Normal
vibrava,Ground,Dragon
flygon,Ground,Dragon
cacnea,Grass,Normal
cacturne,Grass,Dark
swablu,Normal,Flying
altaria,Dragon,Flying
zangoose,Normal,Normal
seviper,Poison,Normal
lunatone,Rock,Psychic
solrock,Rock,Psychic
barboach,Water,Ground
whiscash,Water,Ground
corphish,Water,Normal
crawdaunt,Water,Dark
baltoy,Ground,Psychic
claydol,Ground,Psychic
lileep,Rock,Grass
cradily,Rock,Grass
anorith,Rock,Bug
armaldo,Rock,Bug
feebas,Water,Normal
milotic,Water,Normal
castform,Normal,Normal
kecleon,Normal,Normal
shuppet,Ghost,Normal
banette,Ghost,Normal
duskull,Ghost,Normal
dusclops,Ghost,Normal
tropius,Grass,Flying
chimecho,Psychic,Normal
absol,Dark,Normal
wynaut,Psychic,Normal
snorunt,Ice,Normal
glalie,Ice,Normal
spheal,Ice,Water
sealeo,Ice,Water
walrein,Ice,Water
clamperl,Water,Normal
huntail,Water,Normal
gorebyss,Water,Normal
relicanth,Water,Rock
luvdisc,Water,Normal
bagon,Dragon,Normal
shelgon,Dragon,Normal
salamence,Dragon,Flying
beldum,Steel,Psychic
metang,Steel,Psychic
metagross,Steel,Psychic
regirock,Rock,Normal
regice,Ice,Normal
registeel,Steel,Normal
latias,Dragon,Psychic
latios,Dragon,Psychic
kyogre,Water,Normal
groudon,Ground,Normal
rayquaza,Dragon,Flying
jirachi,Steel,Psychic
deoxys-normal,Psychic,Normal
turtwig,Grass,Normal
grotle,Grass,Normal
torterra,Grass,Ground
chimchar,Fire,Normal
monferno,Fire,Fighting
infernape,Fire,Fighting
piplup,Water,Normal
prinplup,Water,Normal
empoleon,Water,Steel
starly,Normal,Flying
staravia,Normal,Flying
staraptor,Normal,Flying
bidoof,Normal,Normal
bibarel,Normal,Water
kricketot,Bug,Normal
kricketune,Bug,Normal
shinx,Electric,Normal
luxio,Electric,Normal
luxray,Electric,Normal
budew,Grass,Poison
roserade,Grass,Poison
cranidos,Rock,Normal
rampardos,Rock,Normal
shieldon,Rock,Steel
bastiodon,Rock,Steel
burmy,Bug,Normal
wormadam-plant,Bug,Grass
mothim,Bug,Flying
combee,Bug,Flying
vespiquen,Bug,Flying
pachirisu,Electric,Normal
buizel,Water,Normal
floatzel,Water,Normal
cherubi,Grass,Normal
cherrim,Grass,Normal
shellos,Water,Normal
gastrodon,Water,Ground
ambipom,Normal,Normal
drifloon,Ghost,Flying
drifblim,Ghost,Flying
buneary,Normal,Normal
lopunny,Normal,Normal
mismagius,Ghost,Normal
honchkrow,Dark,Flying
glameow,Normal,Normal
purugly,Normal,Normal
chingling,Psychic,Normal
stunky,Poison,Dark
skuntank,Poison,Dark
bronzor,Steel,Psychic
bronzong,Steel,Psychic
bonsly,Rock,Normal
mime-jr,Psychic,Fairy
happiny,Normal,Normal
chatot,Normal,Flying
spiritomb,Ghost,Dark
gible,Dragon,Ground
gabite,Dragon,Ground
garchomp,Dragon,Ground
munchlax,Normal,Normal
riolu,Fighting,Normal
lucario,Fighting,Steel
hippopotas,Ground,Normal
hippowdon,Ground,Normal
skorupi,Poison,Bug
drapion,Poison,Dark
croagunk,Poison,Fighting
toxicroak,Poison,Fighting
carnivine,Grass,Normal
finneon,Water,Normal
lumineon,Water,Normal
mantyke,Water,Flying
snover,Grass,Ice
abomasnow,Grass,Ice
weavile,Dark,Ice
magnezone,Electric,Steel
lickilicky,Normal,Normal
rhyperior,Ground,Rock
tangrowth,Grass,Normal
electivire,Electric,Normal
magmortar,Fire,Normal
togekiss,Fairy,Flying
yanmega,Bug,Flying
leafeon,Grass,Normal
glaceon,Ice,Normal
gliscor,Ground,Flying
mamoswine,Ice,Ground
porygon-z,Normal,Normal
gallade,Psychic,Fighting
probopass,Rock,Steel
dusknoir,Ghost,Normal
froslass,Ice,Ghost
rotom,Electric,Ghost
uxie,Psychic,Normal
mesprit,Psychic,Normal
azelf,Psychic,Normal
dialga,Steel,Dragon
palkia,Water,Dragon
heatran,Fire,Steel
regigigas,Normal,Normal
giratina-altered,Ghost,Dragon
cresselia,Psychic,Normal
phione,Water,Normal
manaphy,Water,Normal
darkrai,Dark,Normal
shaymin-land,Grass,Normal
arceus,Normal,Normal
victini,Psychic,Fire
snivy,Grass,Normal
servine,Grass,Normal
serperior,Grass,Normal
tepig,Fire,Normal
pignite,Fire,Fighting
emboar,Fire,Fighting
oshawott,Water,Normal
dewott,Water,Normal
samurott,Water,Normal
patrat,Normal,Normal
watchog,Normal,Normal
lillipup,Normal,Normal
herdier,Normal,Normal
stoutland,Normal,Normal
purrloin,Dark,Normal
liepard,Dark,Normal
pansage,Grass,Normal
simisage,Grass,Normal
pansear,Fire,Normal
simisear,Fire,Normal
panpour,Water,Normal
simipour,Water,Normal
munna,Psychic,Normal
musharna,Psychic,Normal
pidove,Normal,Flying
tranquill,Normal,Flying
unfezant,Normal,Flying
blitzle,Electric,Normal
zebstrika,Electric,Normal
roggenrola,Rock,Normal
boldore,Rock,Normal
gigalith,Rock,Normal
woobat,Psychic,Flying
swoobat,Psychic,Flying
drilbur,Ground,Normal
excadrill,Ground,Steel
audino,Normal,Normal
timburr,Fighting,Normal
gurdurr,Fighting,Normal
conkeldurr,Fighting,Normal
tympole,Water,Normal
palpitoad,Water,Ground
seismitoad,Water,Ground
throh,Fighting,Normal
sawk,Fighting,Normal
sewaddle,Bug,Grass
swadloon,Bug,Grass
leavanny,Bug,Grass
venipede,Bug,Poison
whirlipede,Bug,Poison
scolipede,Bug,Poison
cottonee,Grass,Fairy
whimsicott,Grass,Fairy
petilil,Grass,Normal
lilligant,Grass,Normal
basculin-red-striped,Water,Normal
sandile,Ground,Dark
krokorok,Ground,Dark
krookodile,Ground,Dark
darumaka,Fire,Normal
darmanitan-standard,Fire,Normal
maractus,Grass,Normal
dwebble,Bug,Rock
crustle,Bug,Rock
scraggy,Dark,Fighting
scrafty,Dark,Fighting
sigilyph,Psychic,Flying
yamask,Ghost,Normal
cofagrigus,Ghost,Normal
tirtouga,Water,Rock
carracosta,Water,Rock
archen,Rock,Flying
archeops,Rock,Flying
trubbish,Poison,Normal
garbodor,Poison,Normal
zorua,Dark,Normal
zoroark,Dark,Normal
minccino,Normal,Normal
cinccino,Normal,Normal
gothita,Psychic,Normal
gothorita,Psychic,Normal
gothitelle,Psychic,Normal
solosis,Psychic,Normal
duosion,Psychic,Normal
reuniclus,Psychic,Normal
ducklett,Water,Flying
swanna,Water,Flying
vanillite,Ice,Normal
vanillish,Ice,Normal
vanilluxe,Ice,Normal
deerling,Normal,Grass
sawsbuck,Normal,Grass
emolga,Electric,Flying
karrablast,Bug,Normal
escavalier,Bug,Steel
foongus,Grass,Poison
amoonguss,Grass,Poison
frillish,Water,Ghost
jellicent,Water,Ghost
alomomola,Water,Normal
joltik,Bug,Electric
galvantula,Bug,Electric
ferroseed,Grass,Steel
ferrothorn,Grass,Steel
klink,Steel,Normal
klang,Steel,Normal
klinklang,Steel,Normal
tynamo,Electric,Normal
eelektrik,Electric,Normal
eelektross,Electric,Normal
elgyem,Psychic,Normal
beheeyem,Psychic,Normal
litwick,Ghost,Fire
lampent,Ghost,Fire
chandelure,Ghost,Fire
axew,Dragon,Normal
fraxure,Dragon,Normal
haxorus,Dragon,Normal
cubchoo,Ice,Normal
beartic,Ice,Normal
cryogonal,Ice,Normal
shelmet,Bug,Normal
accelgor,Bug,Normal
stunfisk,Ground,Electric
mienfoo,Fighting,Normal
mienshao,Fighting,Normal
druddigon,Dragon,Normal
golett,Ground,Ghost
golurk,Ground,Ghost
pawniard,Dark,Steel
bisharp,Dark,Steel
bouffalant,Normal,Normal
rufflet,Normal,Flying
braviary,Normal,Flying
vullaby,Dark,Flying
mandibuzz,Dark,Flying
heatmor,Fire,Normal
durant,Bug,Steel
deino,Dark,Dragon
zweilous,Dark,Dragon
hydreigon,Dark,Dragon
larvesta,Bug,Fire
volcarona,Bug,Fire
cobalion,Steel,Fighting
terrakion,Rock,Fighting
virizion,Grass,Fighting
tornadus-incarnate,Flying,Normal
thundurus-incarnate,Electric,Flying
reshiram,Dragon,Fire
zekrom,Dragon,Electric
landorus-incarnate,Ground,Flying
kyurem,Dragon,Ice
keldeo-ordinary,Water,Fighting
meloetta-aria,Normal,Psychic
genesect,Bug,Steel
chespin,Grass,Normal
quilladin,Grass,Normal
chesnaught,Grass,Fighting
fennekin,Fire,Normal
braixen,Fire,Normal
delphox,Fire,Psychic
froakie,Water,Normal
frogadier,Water,Normal
greninja,Water,Dark
bunnelby,Normal,Normal
diggersby,Normal,Ground
fletchling,Normal,Flying
fletchinder,Fire,Flying
talonflame,Fire,Flying
scatterbug,Bug,Normal
spewpa,Bug,Normal
vivillon,Bug,Flying
litleo,Fire,Normal
pyroar,Fire,Normal
flabebe,Fairy,Normal
floette,Fairy,Normal
florges,Fairy,Normal
skiddo,Grass,Normal
gogoat,Grass,Normal
pancham,Fighting,Normal
pangoro,Fighting,Dark
furfrou,Normal,Normal
espurr,Psychic,Normal
meowstic-male,Psychic,Normal
honedge,Steel,Ghost
doublade,Steel,Ghost
aegislash-blade,Steel,Ghost
spritzee,Fairy,Normal
aromatisse,Fairy,Normal
swirlix,Fairy,Normal
slurpuff,Fairy,Normal
inkay,Dark,Psychic
malamar,Dark,Psychic
binacle,Rock,Water
barbaracle,Rock,Water
skrelp,Poison,Water
dragalge,Poison,Dragon
clauncher,Water,Normal
clawitzer,Water,Normal
helioptile,Electric,Normal
heliolisk,Electric,Normal
tyrunt,Rock,Dragon
tyrantrum,Rock,Dragon
amaura,Rock,Ice
aurorus,Rock,Ice
sylveon,Fairy,Normal
hawlucha,Fighting,Flying
dedenne,Electric,Fairy
carbink,Rock,Fairy
goomy,Dragon,Normal
sliggoo,Dragon,Normal
goodra,Dragon,Normal
klefki,Steel,Fairy
phantump,Ghost,Grass
trevenant,Ghost,Grass
pumpkaboo-average,Ghost,Grass
gourgeist-average,Ghost,Grass
bergmite,Ice,Normal
avalugg,Ice,Normal
noibat,Flying,Dragon
noivern,Flying,Dragon
xerneas,Fairy,Normal
yveltal,Dark,Flying
zygarde-50,Dragon,Ground
diancie,Rock,Fairy
hoopa-confined,Psychic,Ghost
volcanion,Fire,Water
rowlet,Grass,Flying
dartrix,Grass,Flying
decidueye,Grass,Ghost
litten,Fire,Normal
torracat,Fire,Normal
incineroar,Fire,Dark
popplio,Water,Normal
brionne,Water,Normal
primarina,Water,Fairy
pikipek,Normal,Flying
trumbeak,Normal,Flying
toucannon,Normal,Flying
yungoos,Normal,Normal
gumshoos,Normal,Normal
grubbin,Bug,Normal
charjabug,Bug,Electric
vikavolt,Bug,Electric
crabrawler,Fighting,Normal
crabominable,Fighting,Ice
oricorio-baile,Fire,Flying
cutiefly,Bug,Fairy
ribombee,Bug,Fairy
rockruff,Rock,Normal
lycanroc-midday,Rock,Normal
wishiwashi-solo,Water,Normal
mareanie,Poison,Water
toxapex,Poison,Water
mudbray,Ground,Normal
mudsdale,Ground,Normal
dewpider,Water,Bug
araquanid,Water,Bug
fomantis,Grass,Normal
lurantis,Grass,Normal
morelull,Grass,Fairy
shiinotic,Grass,Fairy
salandit,Poison,Fire
salazzle,Poison,Fire
stufful,Normal,Fighting
bewear,Normal,Fighting
bounsweet,Grass,Normal
steenee,Grass,Normal
tsareena,Grass,Normal
comfey,Fairy,Normal
oranguru,Normal,Psychic
passimian,Fighting,Normal
wimpod,Bug,Water
golisopod,Bug,Water
sandygast,Ghost,Ground
palossand,Ghost,Ground
pyukumuku,Water,Normal
type-null,Normal,Normal
silvally,Normal,Normal
minior-meteor,Rock,Flying
komala,Normal,Normal
turtonator,Fire,Dragon
togedemaru,Electric,Steel
mimikyu,Ghost,Fairy
bruxish,Water,Psychic
drampa,Normal,Dragon
dhelmise,Ghost,Grass
jangmo-o,Dragon,Normal
hakamo-o,Dragon,Fighting
kommo-o,Dragon,Fighting
tapu-koko,Electric,Fairy
tapu-lele,Psychic,Fairy
tapu-bulu,Grass,Fairy
tapu-fini,Water,Fairy
cosmog,Psychic,Normal
cosmoem,Psychic,Normal
solgaleo,Psychic,Steel
lunala,Psychic,Ghost
nihilego,Rock,Poison
buzzwole,Bug,Fighting
pheromosa,Bug,Fighting
xurkitree,Electric,Normal
celesteela,Steel,Flying
kartana,Grass,Steel
guzzlord,Dark,Dragon
necrozma,Psychic,Normal
magearna,Steel,Fairy
marshadow,Fighting,Ghost
poipole,Poison,Normal
naganadel,Poison,Dragon
stakataka,Rock,Steel
blacephalon,Fire,Ghost
zeraora,Electric,Normal
meltan,Steel,Normal
melmetal,Steel,Normal
